<?xml version='1.0' encoding='UTF-8'?>
<faces-config version="2.2"
              xmlns="http://xmlns.jcp.org/xml/ns/javaee"
              xmlns:xsi="http://www.w3.org/2001/XMLSchema-instance"
              xsi:schemaLocation="http://xmlns.jcp.org/xml/ns/javaee http://xmlns.jcp.org/xml/ns/javaee/web-facesconfig_2_2.xsd">

    <!--http://www.mkyong.com/jsf2/jsf-2-internationalization-example/-->
    <application>
        <locale-config>
            <default-locale>es</default-locale>
        </locale-config>
        <resource-bundle>
            <base-name>languages.messages</base-name>
            <var>msg</var>
        </resource-bundle>
        <resource-bundle>
            <base-name>/Bundle</base-name>
            <var>bundle</var>
        </resource-bundle>
    </application>
        
    <managed-bean>
        <managed-bean-name>CustomDate</managed-bean-name>
        <managed-bean-class>com.swii.sysmedic.Util.CustomDate</managed-bean-class>
        <managed-bean-scope>request</managed-bean-scope>
    </managed-bean>
        
    <managed-bean>
        <managed-bean-name>User</managed-bean-name>
        <managed-bean-class>com.swii.sysmedic.Views.UsersView</managed-bean-class>
        <managed-bean-scope>view</managed-bean-scope>
    </managed-bean>
    
    <managed-bean>
        <managed-bean-name>Medicamento</managed-bean-name>
        <managed-bean-class>com.swii.sysmedic.Views.MedicamentoView</managed-bean-class>
        <managed-bean-scope>view</managed-bean-scope>
    </managed-bean>
    
    <managed-bean>
        <managed-bean-name>Cita</managed-bean-name>
        <managed-bean-class>com.swii.sysmedic.Views.CitaView</managed-bean-class>
        <managed-bean-scope>view</managed-bean-scope>
    </managed-bean>
    
    <managed-bean>
        <managed-bean-name>Paciente</managed-bean-name>
        <managed-bean-class>com.swii.sysmedic.Views.PacienteView</managed-bean-class>
        <managed-bean-scope>view</managed-bean-scope>
    </managed-bean>
    <managed-bean>
        <managed-bean-name>Medico</managed-bean-name>
        <managed-bean-class>com.swii.sysmedic.Views.MedicoView</managed-bean-class>
        <managed-bean-scope>view</managed-bean-scope>
    </managed-bean>
    
    <managed-bean>
        <managed-bean-name>MedicamentoLote</managed-bean-name>
        <managed-bean-class>com.swii.sysmedic.Views.MedicamentoLoteView</managed-bean-class>
        <managed-bean-scope>view</managed-bean-scope>
    </managed-bean>
    
    <managed-bean>
        <managed-bean-name>Factura</managed-bean-name>
        <managed-bean-class>com.swii.sysmedic.Views.FacturaView</managed-bean-class>
        <managed-bean-scope>view</managed-bean-scope>
    </managed-bean>
    
    <managed-bean>
        <managed-bean-name>Cliente</managed-bean-name>
        <managed-bean-class>com.swii.sysmedic.Views.ClienteView</managed-bean-class>
        <managed-bean-scope>view</managed-bean-scope>
    </managed-bean>
    
    <managed-bean>
        <managed-bean-name>Turno</managed-bean-name>
        <managed-bean-class>com.swii.sysmedic.Views.TurnoView</managed-bean-class>
        <managed-bean-scope>view</managed-bean-scope>
    </managed-bean>
    
    <validator>
        <validator-class>com.swii.sysmedic.Validators.passwordValidator</validator-class>
        <validator-id>passwordValidator</validator-id>
    </validator>
    
    <validator>
        <validator-class>com.swii.sysmedic.Validators.repeatpasswordValidator</validator-class>
        <validator-id>repeatpasswordValidator</validator-id>
    </validator>
    <managed-bean>
        <managed-bean-name>Consulta</managed-bean-name>
        <managed-bean-class>com.swii.sysmedic.Views.ConsultaView</managed-bean-class>
        <managed-bean-scope>view</managed-bean-scope>
    </managed-bean>
    <managed-bean>
        <managed-bean-name>Medicacion</managed-bean-name>
        <managed-bean-class>com.swii.sysmedic.Views.MedicacionView</managed-bean-class>
        <managed-bean-scope>view</managed-bean-scope>
    </managed-bean>
    <managed-bean>
        <managed-bean-name>Antecedente</managed-bean-name>
        <managed-bean-class>com.swii.sysmedic.Views.AntecedenteView</managed-bean-class>
        <managed-bean-scope>view</managed-bean-scope>
    </managed-bean>
    <managed-bean>
        <managed-bean-name>Report</managed-bean-name>
        <managed-bean-class>com.swii.sysmedic.Util.Report</managed-bean-class>
        <managed-bean-scope>request</managed-bean-scope>
    </managed-bean>
</faces-config>
